Source File	Size	loadResources	load	generateSnapshots	load-configure	scan	loadDepInfo	loadInfo	checkR4R4B	generateNarratives	validate	loadLists	checkConformanceResources	checkConformanceResources2	checkConformanceResources3	generateLogicalMaps	validateExpressions	scanForUsageStats	checkURLsUnique	processProvenanceDetails	generate1	generate2	generateLogicals	makeDependencies	generateExampleZip	generateValidationPack	scanProfilesForR5	scanExamplesForR5
/fsh-generated/resources/ImplementationGuide-SKtestIG.json	37950	-	0	0	0	0	0	0	13	55	0	0	0	0	0	0	0	1	0	1	114	184	0	0	0	8	0	1
fsh-generated/resources/CodeSystem-assessment-context-cs.json	1119	8	0	0	1	0	0	0	1	10	0	0	0	0	0	0	0	0	0	0	14	556	0	0	0	0	0	0
fsh-generated/resources/CodeSystem-brain-imaging-type-cs.json	1504	6	0	0	0	0	0	0	0	6	0	0	0	0	0	0	0	0	0	0	11	88	0	0	0	1	0	0
fsh-generated/resources/CodeSystem-discharge-dept-cs.json	1029	5	0	0	0	0	0	0	0	5	0	0	0	0	0	0	0	0	0	0	10	40	0	0	0	0	0	0
fsh-generated/resources/CodeSystem-hemorrhagic-stroke-bleeding-reason-cs.json	1684	6	0	0	0	0	0	0	1	5	0	0	0	0	0	0	0	0	0	0	10	42	0	0	0	0	0	0
fsh-generated/resources/CodeSystem-initial-care-intensity-cs.json	989	6	0	0	0	0	0	0	0	3	0	0	0	0	0	0	0	0	0	0	9	36	0	0	0	1	0	0
fsh-generated/resources/CodeSystem-medication-cs.json	1095	5	0	0	0	0	0	0	0	2	0	0	0	0	0	0	0	0	0	0	10	32	0	0	0	0	0	0
fsh-generated/resources/CodeSystem-mrs-score-cs.json	1530	6	0	0	0	0	0	0	0	5	0	0	0	0	0	0	0	0	0	0	13	32	0	0	0	1	0	0
fsh-generated/resources/CodeSystem-mtici-code-cs.json	592	3	0	0	0	0	0	0	1	4	0	0	0	0	0	0	0	0	0	0	7	31	0	0	0	0	0	0
fsh-generated/resources/CodeSystem-mtici-score-cs.json	1610	4	0	0	0	0	1	0	0	2	0	0	0	0	0	0	0	0	0	0	9	30	0	0	0	0	0	0
fsh-generated/resources/CodeSystem-procedure-timing-context-cs.json	1012	6	0	0	1	0	0	0	0	3	0	0	0	0	0	0	0	0	0	0	10	28	0	0	0	1	0	0
fsh-generated/resources/CodeSystem-stroke-arrival-mode-cs.json	1625	6	0	0	0	0	0	0	0	3	0	0	0	0	0	0	0	0	0	0	10	30	0	0	0	0	0	0
fsh-generated/resources/CodeSystem-stroke-circumstance-codes-cs.json	862	5	0	0	0	0	0	0	1	4	0	0	0	0	0	0	0	0	0	0	10	27	0	0	0	0	0	0
fsh-generated/resources/CodeSystem-stroke-discharge-destination-cs.json	602	3	0	0	0	0	0	0	0	3	0	0	0	0	0	0	0	0	0	0	7	26	0	0	0	1	0	0
fsh-generated/resources/CodeSystem-stroke-etiology-cs.json	1516	3	0	0	0	0	0	0	0	4	0	0	0	0	0	0	0	0	0	0	9	26	0	0	0	0	0	0
fsh-generated/resources/CodeSystem-stroke-proc-not-done-reason-cs.json	3333	3	0	0	0	0	0	0	0	4	0	0	0	0	0	0	0	0	0	0	20	33	0	0	0	1	0	0
fsh-generated/resources/CodeSystem-swallow-procedures-cs.json	784	3	0	0	0	0	0	0	1	5	0	0	0	0	0	0	0	1	0	0	13	29	0	0	0	0	0	0
fsh-generated/resources/CodeSystem-swallow-screen-time-cs.json	616	4	0	0	0	0	0	0	0	3	0	0	0	0	0	0	0	0	0	0	11	24	0	0	0	0	0	0
fsh-generated/resources/CodeSystem-thrombectomy-complication-cs.json	596	6	0	0	1	0	0	0	0	3	0	0	0	0	0	0	0	0	0	0	9	26	0	0	0	1	0	0
fsh-generated/resources/CodeSystem-timing-metric-codes-cs.json	783	6	0	0	0	0	0	0	0	3	0	0	0	0	0	0	0	0	0	0	8	25	0	0	0	0	0	0
fsh-generated/resources/Condition-StrokeDiagnosisConditionAFib.json	1100	9	0	0	0	0	0	0	0	46	0	0	0	0	0	0	0	0	0	0	10	21	0	0	0	0	0	0
fsh-generated/resources/Condition-StrokeDiagnosisConditionAFlutter.json	1098	6	0	0	0	0	0	0	1	2	0	0	0	0	0	0	0	0	0	0	10	11	0	0	0	0	0	0
fsh-generated/resources/Condition-StrokeDiagnosisConditionExample.json	932	6	0	0	0	0	0	0	0	1	0	0	0	0	0	0	0	0	0	0	9	11	0	0	0	0	0	0
fsh-generated/resources/Condition-StrokeRiskFactorConditionExample.json	1009	6	0	0	0	0	0	0	0	3	0	0	0	0	0	0	0	0	0	0	8	11	0	0	0	0	0	0
fsh-generated/resources/Encounter-StrokeEncounterExample.json	1900	9	0	0	0	0	0	0	0	6	0	0	0	0	0	0	0	0	0	0	10	9	0	0	0	0	0	0
fsh-generated/resources/MedicationRequest-discharge-medication-request-001.json	805	8	0	0	0	0	0	0	0	4	0	0	0	0	0	0	0	0	0	0	10	10	0	0	0	0	0	0
fsh-generated/resources/MedicationStatement-PriorMedicationStatementExample.json	891	4	0	0	0	0	0	0	1	11	0	0	0	0	0	0	0	0	0	0	10	10	0	0	0	0	0	0
fsh-generated/resources/Observation-AgeAtOnsetObservationExample.json	597	4	0	0	0	0	0	0	0	2	0	0	0	0	0	0	0	0	0	0	12	10	0	0	0	0	0	0
fsh-generated/resources/Observation-FunctionalScoreObservationExample.json	1293	3	0	0	0	0	0	0	0	3	0	0	0	0	0	0	0	0	0	0	13	14	0	0	0	0	0	0
fsh-generated/resources/Observation-SpecificFindingObservationExample.json	743	3	0	0	0	0	0	0	0	2	0	0	0	0	0	0	0	0	0	0	12	9	0	0	0	0	0	0
fsh-generated/resources/Observation-SpecificFindingObservationExampleMTICI.json	916	4	0	0	0	0	0	0	0	2	0	0	0	0	0	0	0	0	0	0	13	8	0	0	0	0	0	0
fsh-generated/resources/Observation-StrokeCircumstanceObservationExampleWakeUp.json	639	3	0	0	0	0	0	0	0	5	0	0	0	0	0	0	0	0	0	0	11	10	0	0	0	0	0	0
fsh-generated/resources/Observation-TimingMetricObservationExample.json	856	3	0	0	0	0	0	0	0	287	0	0	0	0	0	0	0	0	0	0	12	9	0	0	0	0	0	0
fsh-generated/resources/Observation-VitalSignObservationExample.json	1571	3	0	0	0	0	0	0	1	357	0	0	0	0	0	0	0	0	0	0	12	11	0	0	0	0	0	0
fsh-generated/resources/Organization-ExampleStrokeOrganization.json	371	3	0	0	0	0	0	0	0	262	0	0	0	0	0	0	0	0	0	0	8	7	0	0	0	0	0	0
fsh-generated/resources/Patient-PatientAgeGenderSnomedExample.json	581	6	0	0	0	0	0	0	0	174	0	0	0	0	0	0	0	0	0	0	8	7	0	0	0	0	0	0
fsh-generated/resources/Patient-example-patient.json	59	5	0	0	0	0	0	0	0	1	0	0	0	0	0	0	0	0	0	0	6	6	0	0	0	0	0	0
fsh-generated/resources/Procedure-StrokeBrainImagingExample.json	928	4	0	0	0	0	0	0	0	2	0	0	0	0	0	0	0	0	0	0	8	9	0	0	0	0	0	0
fsh-generated/resources/Procedure-StrokeCarotidImagingExample.json	1161	5	0	0	0	0	0	0	0	1	0	0	0	0	0	0	0	0	0	0	8	9	0	0	0	0	0	0
fsh-generated/resources/Procedure-StrokeSwallowingExample.json	1513	6	0	0	0	0	0	0	0	1	0	0	0	0	0	0	0	0	0	0	8	9	0	0	0	0	0	0
fsh-generated/resources/Procedure-StrokeThrombolysisExample.json	976	6	0	0	0	0	0	0	0	1	0	0	0	0	0	0	0	0	0	0	8	8	0	0	0	0	0	0
fsh-generated/resources/StructureDefinition-age-at-onset-observation-profile.json	1274	5	0	99	0	0	0	0	0	874	0	0	0	0	0	0	0	1	0	0	170	2690	0	1	0	9	0	1
fsh-generated/resources/StructureDefinition-base-stroke-observation.json	1721	3	0	0	1	0	0	0	0	23	0	0	1	0	0	0	0	0	0	0	166	511	0	0	0	11	0	1
fsh-generated/resources/StructureDefinition-discharge-department-service-ext.json	1520	4	0	14	0	0	0	0	0	10	0	0	0	0	0	0	0	0	0	0	37	138	0	0	0	1	0	0
fsh-generated/resources/StructureDefinition-discharge-medication-request-profile.json	2193	7	0	55	0	0	0	0	0	23	0	0	0	0	0	0	0	1	0	0	163	439	0	0	0	10	0	0
fsh-generated/resources/StructureDefinition-first-hospital-ext.json	1331	6	0	14	0	0	0	0	0	8	0	0	0	0	0	0	0	0	0	0	34	110	0	0	0	2	0	1
fsh-generated/resources/StructureDefinition-functional-score-observation-profile.json	3635	8	0	42	0	0	0	0	0	35	0	0	0	0	0	0	0	1	0	0	182	721	0	0	0	12	0	0
fsh-generated/resources/StructureDefinition-gender-snomed-ext.json	1573	6	0	14	0	0	0	0	0	8	0	0	0	0	0	0	0	0	0	0	43	107	0	0	0	1	0	0
fsh-generated/resources/StructureDefinition-hemorrhagic-stroke-bleeding-reason-ext.json	2942	6	0	15	0	0	0	0	0	8	0	0	0	0	0	0	0	0	0	0	42	110	0	0	0	2	0	0
fsh-generated/resources/StructureDefinition-initial-care-intensity-ext.json	1547	6	0	14	0	0	0	0	0	8	0	0	0	0	0	0	0	0	0	0	37	100	0	0	0	10	0	1
fsh-generated/resources/StructureDefinition-ischemic-stroke-etiology-ext.json	2739	7	0	13	0	0	0	0	0	8	0	0	0	0	0	0	0	0	0	0	40	104	0	0	0	1	0	0
fsh-generated/resources/StructureDefinition-observation-timing-context-ext.json	1562	6	0	11	0	0	0	0	0	8	0	0	0	0	0	0	0	0	0	0	38	97	0	0	0	1	0	0
fsh-generated/resources/StructureDefinition-onset-date-ext.json	2430	7	0	14	1	0	0	0	0	8	0	0	0	0	0	0	0	0	0	0	31	103	0	0	0	1	0	0
fsh-generated/resources/StructureDefinition-onset-time-ext.json	2402	7	0	14	0	0	0	0	0	7	0	0	0	0	0	0	0	0	0	0	27	96	0	0	0	1	0	0
fsh-generated/resources/StructureDefinition-patient-age-ext.json	1470	6	0	13	0	0	0	0	0	8	0	0	0	0	0	0	0	0	0	0	26	96	0	0	0	1	1	0
fsh-generated/resources/StructureDefinition-patient-age-gender-snomed-profile.json	1840	6	0	52	0	0	0	0	0	17	0	0	0	0	0	0	0	1	0	0	101	301	0	0	0	6	0	0
fsh-generated/resources/StructureDefinition-prior-medication-statement-profile.json	2185	7	0	81	0	0	0	0	0	16	0	0	0	0	0	0	0	0	0	0	85	245	0	0	0	4	0	1
fsh-generated/resources/StructureDefinition-procedure-timing-context-ext.json	1572	6	0	10	0	0	0	0	0	8	0	0	0	0	0	0	0	0	0	0	26	97	0	0	0	1	0	0
fsh-generated/resources/StructureDefinition-required-post-acute-care-ext.json	1405	6	0	8	0	0	0	0	0	7	0	0	0	0	0	0	0	0	0	0	26	97	0	0	0	1	0	0
fsh-generated/resources/StructureDefinition-specific-finding-observation-profile.json	1173	6	0	26	0	0	0	0	0	16	0	0	0	0	0	0	0	1	0	0	147	580	0	0	0	19	0	1
fsh-generated/resources/StructureDefinition-stroke-brain-imaging-procedure-profile.json	2311	6	0	235	0	0	0	0	0	15	0	0	1	0	0	0	0	0	0	0	111	291	0	0	0	6	0	0
fsh-generated/resources/StructureDefinition-stroke-carotid-imaging-procedure-profile.json	2309	6	0	40	0	0	0	0	0	14	0	0	0	0	0	0	0	1	0	0	117	287	0	0	0	5	0	1
fsh-generated/resources/StructureDefinition-stroke-circumstance-observation-profile.json	1286	6	0	28	0	0	0	0	0	20	0	0	0	0	0	0	0	0	0	0	128	403	0	0	0	18	0	0
fsh-generated/resources/StructureDefinition-stroke-diagnosis-condition-profile.json	5339	8	0	37	0	0	0	0	0	22	0	0	0	0	0	0	0	1	0	0	127	463	0	0	0	6	0	1
fsh-generated/resources/StructureDefinition-stroke-encounter-profile.json	4770	7	0	59	1	0	0	0	0	26	0	0	0	0	0	0	0	0	0	0	175	389	0	0	0	7	0	1
fsh-generated/resources/StructureDefinition-stroke-mechanical-procedure-profile.json	2791	7	0	43	0	0	0	0	0	12	0	0	0	0	0	0	0	1	0	0	122	190	0	0	0	5	0	0
fsh-generated/resources/StructureDefinition-stroke-registry-organization-profile.json	2593	6	0	33	0	0	0	0	0	12	0	0	0	0	0	0	0	0	0	0	86	160	0	0	0	3	0	1
fsh-generated/resources/StructureDefinition-stroke-risk-factor-condition-profile.json	3329	7	0	42	0	0	0	0	0	12	0	0	0	0	0	0	0	0	0	0	109	362	0	0	0	4	0	0
fsh-generated/resources/StructureDefinition-stroke-swallow-procedure-profile.json	2606	6	0	50	0	0	0	0	0	13	0	0	0	0	0	0	0	1	0	0	112	289	0	0	0	5	0	0
fsh-generated/resources/StructureDefinition-swallowing-screening-timing-category-ext.json	1589	6	0	4	0	0	0	0	0	5	0	0	1	0	0	0	0	0	0	0	27	93	0	0	0	0	1	1
fsh-generated/resources/StructureDefinition-timing-metric-observation-profile.json	2279	12	0	24	0	0	0	0	0	13	0	0	0	0	0	1	0	1	0	0	156	364	0	0	0	6	0	0
fsh-generated/resources/StructureDefinition-vital-sign-observation-profile.json	2584	7	0	24	0	0	0	0	0	15	0	0	0	0	0	0	0	0	0	0	169	285	0	0	0	9	0	1
fsh-generated/resources/ValueSet-admission-source-vs.json	1503	6	0	0	0	0	0	0	0	613	0	0	0	0	0	0	0	0	0	0	9	243	0	0	0	1	0	0
fsh-generated/resources/ValueSet-afib-flutter-status-vs.json	828	5	0	0	0	0	0	0	1	170	0	0	0	0	0	0	0	0	0	0	8	264	0	0	0	0	0	0
fsh-generated/resources/ValueSet-assessment-context-vs.json	471	5	0	0	0	0	0	0	0	3	0	0	0	0	0	0	0	0	0	0	7	52	0	0	0	0	0	0
fsh-generated/resources/ValueSet-brain-imaging-modality-vs.json	759	6	0	0	0	0	0	0	0	231	0	0	0	0	0	0	0	0	0	0	9	372	0	0	0	1	0	0
fsh-generated/resources/ValueSet-carotid-imaging-modality-vs.json	1077	5	0	0	0	0	0	0	0	375	0	0	0	0	0	0	0	0	0	0	8	265	0	0	0	0	0	0
fsh-generated/resources/ValueSet-discharge-dept-vs.json	468	5	0	0	1	0	0	0	0	2	0	0	0	0	0	0	0	0	0	0	7	52	0	0	0	0	0	0
fsh-generated/resources/ValueSet-discharge-destination-vs.json	1748	6	0	0	0	0	0	0	0	172	0	0	0	0	0	0	0	0	0	0	9	231	0	0	0	0	0	0
fsh-generated/resources/ValueSet-functional-score-codes-vs.json	766	6	0	0	0	0	0	0	0	184	0	0	0	0	0	0	0	0	0	0	8	67	0	0	0	0	0	0
fsh-generated/resources/ValueSet-hemorrhagic-stroke-bleeding-reason-vs.json	1174	6	0	0	0	0	0	0	0	3	0	0	0	0	0	0	0	0	0	0	7	47	0	0	0	1	0	0
fsh-generated/resources/ValueSet-initial-care-intensity-vs.json	451	5	0	0	0	0	0	0	0	2	0	0	0	0	0	0	0	0	0	0	10	48	0	0	0	0	0	0
fsh-generated/resources/ValueSet-medication-vs.json	1571	6	0	0	0	0	0	0	1	363	0	0	0	0	0	0	0	0	0	0	10	167	0	0	0	0	0	0
fsh-generated/resources/ValueSet-mrs-score-vs.json	448	5	0	0	0	0	0	0	0	3	0	0	0	0	0	0	0	0	0	0	8	47	0	0	0	0	0	0
fsh-generated/resources/ValueSet-mtici-code-vs.json	495	6	0	0	0	0	0	0	0	3	0	0	0	0	0	0	0	0	0	0	7	34	0	0	0	0	0	0
fsh-generated/resources/ValueSet-mtici-score-vs.json	769	6	0	0	0	0	0	0	0	2	0	0	0	0	0	0	0	0	0	0	7	42	0	0	0	0	0	0
fsh-generated/resources/ValueSet-perforation-procedures-vs.json	1050	5	0	0	0	0	0	0	0	173	0	0	0	0	0	0	0	0	0	0	11	219	0	0	0	1	0	0
fsh-generated/resources/ValueSet-procedure-timing-context-vs.json	518	6	0	0	0	0	0	0	0	2	0	0	0	0	0	0	0	0	0	0	9	32	0	0	0	0	0	0
fsh-generated/resources/ValueSet-specific-finding-codes-vs.json	733	5	0	0	0	0	0	0	0	184	0	0	0	0	0	0	0	0	0	0	8	32	0	0	0	0	0	0
fsh-generated/resources/ValueSet-stroke-arrival-mode-vs.json	444	3	0	0	0	0	0	0	0	3	0	0	0	0	0	0	0	0	0	0	7	47	0	0	0	0	0	0
fsh-generated/resources/ValueSet-stroke-circumstance-codes-vs.json	518	3	0	0	0	0	0	0	0	2	0	0	0	0	0	0	0	0	0	0	7	30	0	0	0	0	0	0
fsh-generated/resources/ValueSet-stroke-diagnosis-vs.json	2389	3	0	0	1	0	0	0	1	169	0	0	0	0	0	0	0	0	0	0	9	45	0	0	0	1	0	0
fsh-generated/resources/ValueSet-stroke-discharge-destination-vs.json	1100	2	0	0	0	0	0	0	0	188	0	0	0	0	0	0	0	0	0	0	9	227	0	0	0	0	0	0
fsh-generated/resources/ValueSet-stroke-etiology-vs.json	1563	3	0	0	0	0	0	0	0	188	0	0	0	0	0	0	0	0	0	0	8	215	0	0	0	0	0	0
fsh-generated/resources/ValueSet-stroke-finding-codes-vs.json	618	3	0	0	0	0	0	0	0	4	0	0	0	0	0	0	0	0	0	0	7	35	0	0	0	0	0	0
fsh-generated/resources/ValueSet-stroke-proc-not-done-reason-vs.json	542	3	0	0	0	0	0	0	0	2	0	0	0	0	0	0	0	0	0	0	7	62	0	0	0	0	0	0
fsh-generated/resources/ValueSet-stroke-risk-factor-snomed-vs.json	2460	2	0	0	0	0	0	0	0	125	0	0	0	0	0	0	0	0	0	0	11	48	0	0	0	1	0	0
fsh-generated/resources/ValueSet-stroke-risk-factor-vs.json	1399	3	0	0	0	0	0	0	1	182	0	0	0	0	0	0	0	0	0	0	7	26	0	0	0	0	0	0
fsh-generated/resources/ValueSet-swallow-procedures-vs.json	1159	3	0	0	0	0	0	0	0	189	0	0	0	0	0	0	0	0	0	0	8	252	0	0	0	0	0	0
fsh-generated/resources/ValueSet-swallowing-screening-timing-category-vs.json	890	3	0	0	0	0	0	0	0	182	0	0	0	0	0	0	0	0	0	0	7	242	0	0	0	0	0	0
fsh-generated/resources/ValueSet-thrombectomy-complication-vs.json	605	2	0	0	0	0	0	0	0	298	0	0	0	0	0	0	0	0	0	0	8	198	0	0	0	0	0	0
fsh-generated/resources/ValueSet-timing-metric-codes-vs.json	480	3	0	0	0	0	0	0	0	3	0	0	0	0	0	0	0	0	0	0	6	30	0	0	0	1	0	0
fsh-generated/resources/ValueSet-vital-sign-codes-vs.json	758	3	0	0	1	0	0	0	0	203	0	0	0	0	0	0	0	0	0	0	8	283	0	0	0	0	0	0
fsh-generated/resources/ValueSet-vs-gender-snomed.json	791	5	0	0	0	0	0	0	0	172	0	0	0	0	0	0	0	0	0	0	7	241	0	0	0	0	0	0
/input/includes/list-folder.html	4260	-	-	-	0	0	0	0	0	0	0	0	0	0	0	0	0	0	0	0	0	0	0	0	0	0	0	0
/fsh-generated/includes/fsh-link-references.md	7625	-	-	-	0	0	0	0	0	0	0	0	0	0	0	0	0	0	0	0	0	0	0	0	0	0	0	0
/fsh-generated/includes/menu.xml	1826	-	-	-	0	0	0	0	0	0	0	0	0	0	0	0	0	0	0	0	0	0	0	0	0	0	0	0
/input/pagecontent/profiles-StrokeRiskFactorConditionProfile.md	1481	-	-	-	0	0	0	0	0	0	0	0	0	0	0	0	0	0	0	0	0	0	0	0	0	0	0	0
/input/pagecontent/profiles-BaseStrokeObservation.md	855	-	-	-	0	0	0	0	0	0	0	0	0	0	0	0	0	0	0	0	0	1	0	0	0	0	0	0
/input/pagecontent/codesystems-MticiScoreCS.md	954	-	-	-	0	0	0	0	0	0	0	0	0	0	0	0	0	0	0	0	0	0	0	0	0	0	0	0
/input/pagecontent/valuesets-ProcedureTimingContextVS.md	494	-	-	-	0	0	0	0	0	0	0	0	0	0	0	0	0	0	0	0	0	0	0	0	0	0	0	0
/input/pagecontent/profiles-MedicationStatementProfile.md	1858	-	-	-	0	0	0	0	0	0	0	0	0	0	0	0	0	0	0	0	0	0	0	0	0	0	0	0
/input/pagecontent/extensions-FirstHospitalExt.md	560	-	-	-	0	0	0	0	0	0	0	0	0	0	0	0	0	0	0	0	0	0	0	0	0	0	0	0
/input/pagecontent/profiles-DischargeMedicationRequestProfile.md	1627	-	-	-	0	0	0	0	0	0	0	0	0	0	0	0	0	0	0	0	0	0	0	0	0	0	0	0
/input/pagecontent/codesystems-mTiciCodeCS.md	466	-	-	-	0	0	0	0	0	0	0	0	0	0	0	0	0	0	0	0	0	0	0	0	0	0	0	0
/input/pagecontent/valuesets-FunctionalScoreCodesVS.md	527	-	-	-	0	0	0	0	0	0	0	0	0	0	0	0	0	0	0	0	0	0	0	0	0	0	0	0
/input/pagecontent/extensions-SwallowingScreeningTimingCategoryExt.md	893	-	-	-	0	0	0	0	0	0	0	0	0	0	0	0	0	0	0	0	0	0	0	0	0	0	0	0
/input/pagecontent/valuesets.md	203	-	-	-	0	0	0	0	0	0	0	0	0	0	0	0	0	0	0	0	0	0	0	0	0	0	0	0
/input/pagecontent/profiles-StrokeCarotidImagingProcedureProfile.md	1139	-	-	-	0	0	0	0	0	0	0	0	0	0	0	0	0	0	0	0	0	0	0	0	0	0	0	0
/input/pagecontent/codesystems-HemorragicStrokeBleedingReasonCS.md	746	-	-	-	0	0	0	0	0	0	0	0	0	0	0	0	0	0	0	0	0	0	0	0	0	0	0	0
/input/pagecontent/codesystems-StrokeProcNotDoneReasonCS.md	1265	-	-	-	0	0	0	0	0	0	0	0	0	0	0	0	0	0	0	0	0	0	0	0	0	0	0	0
/input/pagecontent/valuesets-GenderSNOMEDVS.md	575	-	-	-	0	0	0	0	0	0	0	0	0	0	0	0	0	0	0	0	0	0	0	0	0	0	0	0
/input/pagecontent/valuesets-MticiScoreVS.md	448	-	-	-	0	0	0	0	0	0	0	0	0	0	0	0	0	0	0	0	0	0	0	0	0	0	0	0
/input/pagecontent/valuesets-StrokeArrivalModeVS.md	447	-	-	-	0	0	0	0	0	0	0	0	0	0	0	0	0	0	0	0	0	0	0	0	0	0	0	0
/input/pagecontent/extensions-ObservationTimingContextExt.md	864	-	-	-	0	0	0	0	0	0	0	0	0	0	0	0	0	0	0	0	0	0	0	0	0	0	0	0
/input/pagecontent/extensions-DischargeDepartmentExt.md	807	-	-	-	0	0	0	0	0	0	0	0	0	0	0	0	0	0	0	0	0	0	0	0	0	0	0	0
/input/pagecontent/profiles-VitalSignObservationProfile.md	1051	-	-	-	0	0	0	0	0	0	0	0	0	0	0	0	0	0	0	0	0	1	0	0	0	0	0	0
/input/pagecontent/codesystems-AssesmentContextCS.md	719	-	-	-	0	0	0	0	0	0	0	0	0	0	0	0	0	0	0	0	0	0	0	0	0	0	0	0
/input/pagecontent/profiles-StrokeSwallowProcedureProfile.md	2039	-	-	-	0	0	0	0	0	0	0	0	0	0	0	0	0	0	0	0	0	0	0	0	0	0	0	0
/input/pagecontent/guidance.md	2639	-	-	-	0	0	0	0	0	0	0	0	0	0	0	0	0	0	0	0	0	0	0	0	0	0	0	0
/input/pagecontent/codesystems-InitialCareIntensityCS.md	599	-	-	-	0	0	0	0	0	0	0	0	0	0	0	0	0	0	0	0	0	0	0	0	0	0	0	0
/input/pagecontent/extensions-GenderSNOMED.md	837	-	-	-	0	0	0	0	0	0	0	0	0	0	0	0	0	0	0	0	0	0	0	0	0	0	0	0
/input/pagecontent/valuesets-ThrombectomyComplicationVS.md	456	-	-	-	0	0	0	0	0	0	0	0	0	0	0	0	0	0	0	0	0	0	0	0	0	0	0	0
/input/pagecontent/profiles-AgeAtOnsetObservationProfile.md	748	-	-	-	0	0	0	0	0	0	0	0	0	0	0	0	0	0	0	0	0	0	0	0	0	0	0	0
/input/pagecontent/extensions-OnsetTimeExt.md	325	-	-	-	0	0	0	0	0	0	0	0	0	0	0	0	0	0	0	0	0	0	0	0	0	0	0	0
/input/pagecontent/general-principles.md	996	-	-	-	0	0	0	0	0	0	0	0	0	0	0	0	0	0	0	0	0	0	0	0	0	0	0	0
/input/pagecontent/codesystems-BrainImagingTypeCS.md	822	-	-	-	0	0	0	0	0	0	0	0	0	0	0	0	0	0	0	0	0	0	0	0	0	0	0	0
/input/pagecontent/profiles-StrokeBrainImagingProcedureProfile.md	1376	-	-	-	0	0	0	0	0	0	0	0	0	0	0	0	0	0	0	0	0	0	0	0	0	0	0	0
/input/pagecontent/profiles-StrokeEncounterProfile.md	1491	-	-	-	0	0	0	0	0	0	0	0	0	0	0	0	0	0	0	0	0	0	0	0	0	0	0	0
/input/pagecontent/valuesets-StrokeRiskFactorSNOMEDVS.md	932	-	-	-	0	0	0	0	0	0	0	0	0	0	0	0	0	0	0	0	0	0	0	0	0	0	0	0
/input/pagecontent/profiles-StrokeCirumstanceObservationProfile.md	709	-	-	-	0	0	0	0	0	0	0	0	0	0	0	0	0	0	0	0	0	0	0	0	0	0	0	0
/input/pagecontent/profiles-StrokeThrombolysisProcedureProfile.md	1875	-	-	-	0	0	0	0	0	0	0	0	0	0	0	0	0	0	0	0	0	0	0	0	0	0	0	0
/input/pagecontent/history.md	496	-	-	-	0	0	0	0	0	0	0	0	0	0	0	0	0	0	0	0	0	0	0	0	0	0	0	0
/input/pagecontent/profiles-ProviderProfile.md	1935	-	-	-	0	0	0	0	0	0	0	0	0	0	0	0	0	0	0	0	0	0	0	0	0	0	0	0
/input/pagecontent/valuesets-DischargeDeptVS.md	450	-	-	-	0	0	0	0	0	0	0	0	0	0	0	0	0	0	0	0	0	1	0	0	0	0	0	0
/input/pagecontent/valuesets-InitialCareIntensityVS.md	454	-	-	-	0	0	0	0	0	0	0	0	0	0	0	0	0	0	0	0	0	0	0	0	0	0	0	0
/input/pagecontent/codesystems-SwallowScreenTimeCS.md	571	-	-	-	0	0	0	0	0	0	0	0	0	0	0	0	0	0	0	0	0	0	0	0	0	0	0	0
/input/pagecontent/valuesets-mTiciCodeVS.md	413	-	-	-	0	0	0	0	0	0	0	0	0	0	0	0	0	0	0	0	0	0	0	0	0	0	0	0
/input/pagecontent/conformance.md	3128	-	-	-	0	0	0	0	0	0	0	0	0	0	0	0	0	0	0	0	0	0	0	0	0	0	0	0
/input/pagecontent/codesystems-MedicationStatementCS.md	979	-	-	-	0	0	0	0	0	0	0	0	0	0	0	0	0	0	0	0	0	0	0	0	0	0	0	0
/input/pagecontent/codesystems-SwallowProceduresCS.md	566	-	-	-	0	0	0	0	0	0	0	0	0	0	0	0	0	0	0	0	0	0	0	0	0	0	0	0
/input/pagecontent/valuesets-DischargeMedicationVS.md	780	-	-	-	0	0	0	0	0	0	0	0	0	0	0	0	0	0	0	0	0	0	0	0	0	0	0	0
/input/pagecontent/valuesets-StrokeDischargeDestinationVS.md	761	-	-	-	0	0	0	0	0	0	0	0	0	0	0	0	0	0	0	0	0	0	0	0	0	0	0	0
/input/pagecontent/codesystems-TimingMetricCodesCS.md	554	-	-	-	0	0	0	0	0	0	0	0	0	0	0	0	0	0	0	0	0	0	0	0	0	0	0	0
/input/pagecontent/examples.md	1198	-	-	-	0	0	0	0	0	0	0	0	0	0	0	0	0	0	0	0	0	0	0	0	0	0	0	0
/input/pagecontent/valuesets-AfibFlutterStatusVS.md	600	-	-	-	0	0	0	0	0	0	0	0	0	0	0	0	0	0	0	0	0	0	0	0	0	0	0	0
/input/pagecontent/valuesets-AdmissionSourceVS.md	601	-	-	-	0	0	0	0	0	0	0	0	0	0	0	0	0	0	0	0	0	0	0	0	0	0	0	0
/input/pagecontent/profiles-StrokeDiagnosisConditionProfile.md	2012	-	-	-	0	0	0	0	0	0	0	0	0	0	0	0	0	0	0	0	0	1	0	0	0	0	0	0
/input/pagecontent/profiles-StrokeFindingObservation.md	993	-	-	-	0	0	0	0	0	0	0	0	0	0	0	0	0	0	0	0	0	0	0	0	0	0	0	0
/input/pagecontent/codesystems-StrokeArrivalModeCS.md	913	-	-	-	0	0	0	0	0	0	0	0	0	0	0	0	0	0	0	0	0	0	0	0	0	0	0	0
/input/pagecontent/valuesets-VitalSignCodesVS.md	536	-	-	-	0	0	0	0	0	0	0	0	0	0	0	0	0	0	0	0	0	0	0	0	0	0	0	0
/input/pagecontent/valuesets-SpecificFindingCodesVS.md	496	-	-	-	0	0	0	0	0	0	0	0	0	0	0	0	0	0	0	0	0	0	0	0	0	0	0	0
/input/pagecontent/codesystems.md	182	-	-	-	0	0	0	0	0	0	0	0	0	0	0	0	0	0	0	0	0	0	0	0	0	0	0	0
/input/pagecontent/profiles.md	1563	-	-	-	0	0	0	0	0	0	0	0	0	0	0	0	0	0	0	0	0	0	0	0	0	0	0	0
/input/pagecontent/valuesets-StrokeCircumstanceVS.md	480	-	-	-	0	0	0	0	0	0	0	0	0	0	0	0	0	0	0	0	0	0	0	0	0	0	0	0
/input/pagecontent/codesystems-DischargeMedicationCS.md	1218	-	-	-	0	0	0	0	0	0	0	0	0	0	0	0	0	0	0	0	0	0	0	0	0	0	0	0
/input/pagecontent/valuesets-BrainImagingModalityVS.md	585	-	-	-	0	0	0	0	0	0	0	0	0	0	0	0	0	0	0	0	0	0	0	0	0	0	0	0
/input/pagecontent/codesystems-StrokeDischargeDestinationCS.md	464	-	-	-	0	0	0	0	0	0	0	0	0	0	0	0	0	0	0	0	0	0	0	0	0	0	0	0
/input/pagecontent/valuesets-MRsScoreVS.md	448	-	-	-	0	0	0	0	0	0	0	0	0	0	0	0	0	0	0	0	0	0	0	0	0	0	0	0
/input/pagecontent/codesystems-ProcedureTimingContextCS.md	602	-	-	-	0	0	0	0	0	0	0	0	0	0	0	0	0	0	0	0	0	0	0	0	0	0	0	0
/input/pagecontent/codesystems-StrokeEtiologyCS.md	655	-	-	-	0	0	0	0	0	0	0	0	0	0	0	0	0	0	0	0	0	1	0	0	0	0	0	0
/input/pagecontent/profiles-PatientProfile.md	1712	-	-	-	0	0	0	0	0	0	0	0	0	0	0	0	0	0	0	0	0	0	0	0	0	0	0	0
/input/pagecontent/extensions.md	1064	-	-	-	0	0	0	0	0	0	0	0	0	0	0	0	0	0	0	0	0	0	0	0	0	0	0	0
/input/pagecontent/valuesets-HemorrhagicStrokeBleedingReasonVS.md	514	-	-	-	0	0	0	0	0	0	0	0	0	0	0	0	0	0	0	0	0	0	0	0	0	0	0	0
/input/pagecontent/valuesets-SwallowingScreeningTimingCategoryVS.md	693	-	-	-	0	0	0	0	0	0	0	0	0	0	0	0	0	0	0	0	0	0	0	0	0	0	0	0
/input/pagecontent/valuesets-TimingMetricCodesVS.md	457	-	-	-	0	0	0	0	0	0	0	0	0	0	0	0	0	0	0	0	0	0	0	0	0	0	0	0
/input/pagecontent/profiles-FunctionalScoreObservationProfile.md	1293	-	-	-	0	0	0	0	0	0	0	0	0	0	0	0	0	0	0	0	0	0	0	0	0	0	0	0
/input/pagecontent/extensions-ProcedureTimingContextExtension.md	480	-	-	-	0	0	0	0	0	0	0	0	0	0	0	0	0	0	0	0	0	0	0	0	0	0	0	0
/input/pagecontent/valuesets-StrokeEtiologyVS.md	550	-	-	-	0	0	0	0	0	0	0	0	0	0	0	0	0	0	0	0	0	0	0	0	0	0	0	0
/input/pagecontent/valuesets-StrokeRiskFactorVS.md	509	-	-	-	0	0	0	0	0	0	0	0	0	0	0	0	0	0	0	0	0	0	0	0	0	0	0	0
/input/pagecontent/valuesets-StrokeFindingCodesVS.md	570	-	-	-	0	0	0	0	0	0	0	0	0	0	0	0	0	0	0	0	0	0	0	0	0	0	0	0
/input/pagecontent/codesystems-StrokeCircumstanceCodesCS.md	559	-	-	-	0	0	0	0	0	0	0	0	0	0	0	0	0	0	0	0	0	0	0	0	0	0	0	0
/input/pagecontent/codesystems-MRsScoreCS.md	1010	-	-	-	0	0	0	0	0	0	0	0	0	0	0	0	0	0	0	0	0	1	0	0	0	0	0	0
/input/pagecontent/extensions-InitialCareIntensityExt.md	814	-	-	-	0	0	0	0	0	0	0	0	0	0	0	0	0	0	0	0	0	0	0	0	0	0	0	0
/input/pagecontent/valuesets-PerforationProceduresVS.md	588	-	-	-	0	0	0	0	0	0	0	0	0	0	0	0	0	0	0	0	0	0	0	0	0	0	0	0
/input/pagecontent/codesystems-DischargeDeptCS.md	645	-	-	-	0	0	0	0	0	0	0	0	0	0	0	0	0	0	0	0	0	0	0	0	0	0	0	0
/input/pagecontent/valuesets-DischargeDestinationVS.md	792	-	-	-	0	0	0	0	0	0	0	0	0	0	0	0	0	0	0	0	0	0	0	0	0	0	0	0
/input/pagecontent/extensions-PostAcuteCareExt.md	596	-	-	-	0	0	0	0	0	0	0	0	0	0	0	0	0	0	0	0	0	0	0	0	0	0	0	0
/input/pagecontent/valuesets-AssesmentContextVS.md	467	-	-	-	0	0	0	0	0	0	0	0	0	0	0	0	0	0	0	0	0	0	0	0	0	0	0	0
/input/pagecontent/extensions-OnsetDateExt.md	273	-	-	-	0	0	0	0	0	0	0	0	0	0	0	0	0	0	0	0	0	0	0	0	0	0	0	0
/input/pagecontent/valuesets-SwallowProceduresVS.md	659	-	-	-	0	0	0	0	0	0	0	0	0	0	0	0	0	0	0	0	0	0	0	0	0	0	0	0
/input/pagecontent/downloads.md	736	-	-	-	0	0	0	0	0	0	0	0	0	0	0	0	0	0	0	0	0	0	0	0	0	0	0	0
/input/pagecontent/profiles-TimingMetricObservationProfile.md	809	-	-	-	0	0	0	0	0	0	0	0	0	0	0	0	0	0	0	0	0	0	0	0	0	0	0	0
/input/pagecontent/extensions-StrokeEtiologyExt.md	447	-	-	-	0	0	0	0	0	0	0	0	0	0	0	0	0	0	0	0	0	0	0	0	0	0	0	0
/input/pagecontent/valuesets-StrokeProcNotDoneReasonVS.md	532	-	-	-	0	0	0	0	0	0	0	0	0	0	0	0	0	0	0	0	0	0	0	0	0	0	0	0
/input/pagecontent/codesystems-ThrombectomyComplicationCS.md	515	-	-	-	0	0	0	0	0	0	0	0	0	0	0	0	0	0	0	0	0	0	0	0	0	0	0	0
/input/pagecontent/extensions-PatientAgeExt.md	632	-	-	-	0	0	0	0	0	0	0	0	0	0	0	0	0	0	0	0	0	0	0	0	0	0	0	0
/input/pagecontent/index.md	2173	-	-	-	0	0	0	0	0	0	0	0	0	0	0	0	0	0	0	0	0	0	0	0	0	0	0	0
/input/pagecontent/valuesets-CarotidImagingModalityVS.md	721	-	-	-	0	0	0	0	0	0	0	0	0	0	0	0	0	0	0	0	0	0	0	0	0	0	0	0
/input/pagecontent/valuesets-StrokeDiagnosisVS.md	591	-	-	-	0	0	0	0	0	0	0	0	0	0	0	0	0	0	0	0	0	0	0	0	0	0	0	0
/input/pagecontent/valuesets-MedicationStatementMedsCodesVS.md	1022	-	-	-	0	0	0	0	0	0	0	0	0	0	0	0	0	0	0	0	0	1	0	0	0	0	0	0
/template/config	0	-	-	-	0	0	0	0	0	0	0	0	0	0	0	0	0	0	0	0	0	0	0	0	0	0	0	0
/template/config/_config.yml	140	-	-	-	0	0	0	0	0	0	0	0	0	0	0	0	0	0	0	0	0	0	0	0	0	0	0	0
/input/images	0	-	-	-	0	0	0	0	0	0	0	0	0	0	0	0	0	0	0	0	0	0	0	0	0	0	0	0
/input/images/FHIR-Resources-Diagram.png	27019	-	-	-	0	0	0	0	0	0	0	0	0	0	0	0	0	0	0	0	0	0	0	0	0	0	0	0
/temp/pages/_includes/artifacts.xml	47869	-	-	-	-	-	-	-	-	-	-	-	-	-	-	-	-	-	-	-	-	0	0	0	0	0	0	0
